Marca,Accion
Tubrica,"Estrategia focalizada Zulia , Sucre, Carabobo y Gran CCS"
Tubrica,Venta Volumen Soldadura
Tubrica,Venta Volumen Tuberia Agua Servida - Agua Fria - Conduit
Tubrica,Obsequio Soldadura 1/64 Multiproposito
Tubrica,Promo eco Conduit
Belt-G,Productos liquidación 50%
Belt-G,Productos incorporación Kit llave lavamanos
Belt-G,Depuración de surtido
Belt-G,"Venta volumen adicional AFV , administrado por Claves fijas"
Venceramica,Mejora de precios del surtido
Venceramica,Enfoque productos plásticos y repuestos
Libertyplas,Mejora de precios del surtido / Reconocimiento NC
Femoi,Mejora de precios del surtido / Reconocimiento NC
Exceline,Surtido seleccionado en revisión
Faplast,Condición de volumen
Walven,Seguimiento de disponibilidad / Incorporación de surtido Distritechos
Gdeseo,Revisión y comparativo de precios con el mercado
SQ,Seguimiento de fallas
FP,Estrategia de trade marketing con la llegada de los kits FP/BM
Saga,Actualización en promoción 6 pares  4% / 13 pares 8%
Semilic,Mejora de precios del surtido
CHL,Revisión de surtido / evaluación de incorporación
Record,"Promoción grupal por renglones:
3 renglones 3%
6 renglones 5%"
Herrajes Alfa,Mejor precio directo
Produsca,Revisión de surtido / evaluación de incorporación
Splaca,Seguimiento de disponibilidad
Tania Wiring,Liquidación
Intools,Revisión de surtido / codificación
Saco,Liquidación
Uyustools,Liquidación
Conexiones Galv,Liquidación
Fanainox,"Promoción grupal por renglones:
3 renglones 3%
6 renglones 5%"
Startjet,"Promoción grupal por renglones:
3 renglones 3%
6 renglones 5%"
