Marca,Semana,Grupo compra,Clientes activados,Contribución,Rotación,Venta Neta,Inventario,Presupuesto Contribucion
Belt-G,2026-31,G03,1.0,-0.0571475,9.24846172936722,-0.0390065,,31.494
Derivados Plásticos,2026-31,G03,,,0.33195020746888,,,0.0
Exceline,2026-31,G03,,,5.14749556869925,,,0.0
Femoi,2026-31,G03,,-0.0009412,3.24614285425128,-0.0009412,,8.275
Libertyplas,2026-31,G03,,-0.0391119,7.21125751120692,-0.0391119,,7.497
Tubrica,2026-31,G03,1.0,-0.6403797,5.4488007882487,-0.5229737,,303.799
Venceramica,2026-31,G03,,-0.0572546,7.24486246346973,-0.0572546,,10.386
Celoven,2026-31,G10,,,,,,0.0
CHL,2026-31,G10,,-0.0225669,21.9496385573415,-0.0225669,,5.698
Conexiones Galv,2026-31,G10,,,0.736962488415087,,,0.0
Fanainox,2026-31,G10,,,0.0294602860799448,,,
Faplast,2026-31,G10,,-0.0073719,6.20860760074202,-0.0073719,,15.999
FP,2026-31,G10,,,2.34438802758983,,,5.107
Gdeseo,2026-31,G10,1.0,-0.0087001,10.9252041849467,0.0101399,,13.426
Herrajes Alfa,2026-31,G10,,-0.0054168,8.02975425689384,-0.0054168,,4.711
Intools,2026-31,G10,,,4.40318041649466,,,
Produsca,2026-31,G10,,,4.56977474416744,,,0.0
Record,2026-31,G10,,,19.3192234964491,,,4.049
Saco,2026-31,G10,,-0.0007975,0.527663536897649,-0.0007975,,
Saga,2026-31,G10,,-5.4e-06,9.25048486290473,-5.4e-06,,7.198
Semilic,2026-31,G10,,-0.0014214,10.0537615209423,-0.0014214,,5.854
Splaca,2026-31,G10,,-8.07e-05,12.4816100809467,-8.07e-05,,2.698
SQ,2026-31,G10,,-0.0162215,13.0581315863009,-0.0162215,,7.775
Startjet,2026-31,G10,,,0.190713702742569,,,
Tania Wiring,2026-31,G10,,,2.8448744211867,,,
Uyustools,2026-31,G10,,,1.33482499331091,,,0.0
Walven,2026-31,G10,,,12.5905418846107,,,11.024
Belt-G,2026-32,G03,224.0,8.9665953,,21.6978594,,
Derivados Plásticos,2026-32,G03,,-0.0007886,,-0.0007886,,
Exceline,2026-32,G03,19.0,1.2492249,,3.1261149,,
Femoi,2026-32,G03,64.0,1.4838744,,4.4458855,,
Libertyplas,2026-32,G03,40.0,1.2145898,,4.7849159,,
Tubrica,2026-32,G03,505.0,46.2872054,,171.719458,,
Venceramica,2026-32,G03,62.0,2.4974995,,9.4326874,,
CHL,2026-32,G10,48.0,1.6791935,,4.0196141,,
Conexiones Galv,2026-32,G10,1.0,-0.0079689,,-0.0073989,,
Faplast,2026-32,G10,96.0,4.5287995,,9.9299197,,
FP,2026-32,G10,16.0,0.4954371,,1.9538692,,
Gdeseo,2026-32,G10,119.0,3.792795,,8.2095053,,
Herrajes Alfa,2026-32,G10,40.0,0.6779028,,2.5493504,,
Intools,2026-32,G10,20.0,0.7716188,,1.583954,,
Produsca,2026-32,G10,24.0,1.1529639,,2.5964991,,
Record,2026-32,G10,14.0,4.6273037,,15.5691067,,
Saco,2026-32,G10,4.0,0.0130227,,0.0810227,,
Saga,2026-32,G10,7.0,0.4254807,,1.7311317,,
Semilic,2026-32,G10,37.0,0.6947699,,1.3679744,,
Splaca,2026-32,G10,17.0,0.21009,,0.665576,,
SQ,2026-32,G10,52.0,2.4226131,,6.8654439,,
Tania Wiring,2026-32,G10,10.0,0.1437008,,0.7863678,,
Uyustools,2026-32,G10,12.0,0.1664323,,0.3747041,,
Walven,2026-32,G10,28.0,0.9009039,,4.9361039,,
Belt-G,2026-33,G03,222.0,8.7073941,,22.3754641,,
Derivados Plásticos,2026-33,G03,1.0,0.0013,,0.005,,
Exceline,2026-33,G03,16.0,0.4322656,,1.1342556,,
Femoi,2026-33,G03,69.0,2.0073066,,5.5865666,,
Libertyplas,2026-33,G03,56.0,1.1268742,,7.5504933,,
Tubrica,2026-33,G03,529.0,55.1775785,,244.0897976,,
Venceramica,2026-33,G03,68.0,5.0431154,,19.6617024,,
CHL,2026-33,G10,72.0,1.7963602,,4.5515266,,
Conexiones Galv,2026-33,G10,1.0,-0.0048405,,0.0057011,,
Faplast,2026-33,G10,125.0,4.1561669,,9.3942528,,
FP,2026-33,G10,22.0,0.2628905,,2.2795233,,
Gdeseo,2026-33,G10,117.0,4.231097,,9.0293798,,
Herrajes Alfa,2026-33,G10,32.0,1.1565691,,3.1689147,,
Intools,2026-33,G10,21.0,0.2232255,,0.8684779,,
Produsca,2026-33,G10,23.0,0.4827558,,1.2285246,,
Record,2026-33,G10,19.0,3.796693,,11.556923,,
Saco,2026-33,G10,2.0,0.000358400000000001,,0.0163584,,
Saga,2026-33,G10,13.0,1.4497249,,3.7474098,,
Semilic,2026-33,G10,34.0,0.8097432,,1.7540071,,
Splaca,2026-33,G10,23.0,2.0290064,,5.6634444,,
SQ,2026-33,G10,41.0,2.3735564,,6.3554104,,
Tania Wiring,2026-33,G10,14.0,0.4690884,,2.2674864,,
Uyustools,2026-33,G10,10.0,0.1003156,,0.2450782,,
Walven,2026-33,G10,29.0,2.6532052,,11.2239052,,
Belt-G,2026-34,G03,206.0,9.3021173,,22.0397157,,
Derivados Plásticos,2026-34,G03,,-0.0008115,,-0.0008115,,
Exceline,2026-34,G03,19.0,0.9223357,,2.3916821,,
Femoi,2026-34,G03,66.0,1.4189836,,4.0465041,,
Libertyplas,2026-34,G03,42.0,0.8616103,,9.0406985,,
Tubrica,2026-34,G03,452.0,39.7010565,,173.8874391,,
Venceramica,2026-34,G03,70.0,5.1819525,,16.7636597,,
CHL,2026-34,G10,61.0,2.1579842,,5.400883,,
Conexiones Galv,2026-34,G10,1.0,0.0092131,,0.0368611,,
Fanainox,2026-34,G10,1.0,0.0252792,,0.064,,
Faplast,2026-34,G10,98.0,3.6018955,,7.9439179,,
FP,2026-34,G10,15.0,0.1524828,,1.6354095,,
Gdeseo,2026-34,G10,103.0,3.7506764,,7.8184899,,
Herrajes Alfa,2026-34,G10,45.0,2.1148236,,5.6638561,,
Intools,2026-34,G10,22.0,0.9269107,,2.3869211,,
Produsca,2026-34,G10,13.0,0.2583861,,0.7598829,,
Record,2026-34,G10,10.0,1.7674126,,5.1185085,,
Saco,2026-34,G10,2.0,0.010115,,0.038115,,
Saga,2026-34,G10,10.0,0.285709,,0.9960743,,
Semilic,2026-34,G10,32.0,0.553764,,1.2643924,,
Splaca,2026-34,G10,17.0,0.2478365,,0.7429835,,
SQ,2026-34,G10,43.0,1.3629016,,3.7701111,,
Startjet,2026-34,G10,2.0,0.1890484,,0.45707,,
Tania Wiring,2026-34,G10,11.0,-0.000253900000000002,,0.3164681,,
Uyustools,2026-34,G10,7.0,0.136816,,0.2749766,,
Walven,2026-34,G10,39.0,3.9551746,,14.4728746,,
Belt-G,2026-35,G03,140.0,2.8086679,,7.545093,53.3788733999999,
Derivados Plásticos,2026-35,G03,,,,,0.11568,
Exceline,2026-35,G03,7.0,0.2434427,,0.6082509,6.360749,
Femoi,2026-35,G03,46.0,1.1724834,,3.1447923,41.2790807,
Libertyplas,2026-35,G03,14.0,0.7130157,,1.4005489,35.7705656,
Tubrica,2026-35,G03,292.0,22.9182738,,89.0779247000001,1322.3102118,
Venceramica,2026-35,G03,46.0,1.1038649,,4.7616939,50.4480318,
CHL,2026-35,G10,19.0,0.3283432,,1.0393312,3.9725974,
Conexiones Galv,2026-35,G10,1.0,-0.0088925,,-0.0084215,1.848309,
Fanainox,2026-35,G10,,,,,5.2573556,
Faplast,2026-35,G10,66.0,2.2116131,,4.8303441,35.2098393,
FP,2026-35,G10,15.0,0.605406,,5.4675976,24.2792749,
Gdeseo,2026-35,G10,54.0,1.4690665,,3.5001229,16.1660232,
Herrajes Alfa,2026-35,G10,30.0,0.8017938,,2.1718302,19.1578221,
Intools,2026-35,G10,11.0,2.1166814,,6.0235974,14.1280856,
Produsca,2026-35,G10,14.0,1.3680882,,3.2541738,16.6871946,
Record,2026-35,G10,8.0,3.1754318,,7.5980677,12.9779245,
Saco,2026-35,G10,3.0,0.005333,,0.033333,5.1548,
Saga,2026-35,G10,3.0,-0.1991962,,-0.3458145,4.1112835,
Semilic,2026-35,G10,23.0,0.3066147,,0.869096,3.7929194,
Splaca,2026-35,G10,11.0,0.145704,,0.507668,3.6867681,
SQ,2026-35,G10,21.0,1.0910154,,2.9679125,9.1482757,
Startjet,2026-35,G10,,,,,5.621444,
Tania Wiring,2026-35,G10,5.0,0.0143308,,0.1789388,12.450906,
Uyustools,2026-35,G10,3.0,0.1221899,,0.2808749,4.0345173,
Walven,2026-35,G10,20.0,1.8131644,,5.9010644,27.2868,
