Marca,Origen,Grupo Compra,Margen_Objetivo,Mes_Fecha,Presupuesto_Miles
Tubrica,Venezuela,G03,0.1719700066780464,2026-01-01,965.5559574999997
Tubrica,Venezuela,G03,0.1719700066780464,2026-02-01,790.8970452999998
Tubrica,Venezuela,G03,0.1719700066780464,2026-03-01,949.5921689999998
Tubrica,Venezuela,G03,0.1719700066780464,2026-04-01,712.656834
Tubrica,Venezuela,G03,0.1719700066780464,2026-05-01,704.9377817999999
Tubrica,Venezuela,G03,0.1719700066780464,2026-06-01,748.5926218
Tubrica,Venezuela,G03,0.1719700066780464,2026-07-01,877.2628985999999
Tubrica,Venezuela,G03,0.1719700066780464,2026-08-01,850.0
Tubrica,Venezuela,G03,0.1719700066780464,2026-09-01,850.0
Tubrica,Venezuela,G03,0.1719700066780464,2026-10-01,900.0
Tubrica,Venezuela,G03,0.1719700066780464,2026-11-01,900.0
Tubrica,Venezuela,G03,0.1719700066780464,2026-12-01,630.0
Belt-G,Venezuela,G03,0.43012032784673243,2026-01-01,68.95041320000001
Belt-G,Venezuela,G03,0.43012032784673243,2026-02-01,76.1851424
Belt-G,Venezuela,G03,0.43012032784673243,2026-03-01,89.83506510000002
Belt-G,Venezuela,G03,0.43012032784673243,2026-04-01,68.8353213
Belt-G,Venezuela,G03,0.43012032784673243,2026-05-01,76.04501729999998
Belt-G,Venezuela,G03,0.43012032784673243,2026-06-01,69.04973930000001
Belt-G,Venezuela,G03,0.43012032784673243,2026-07-01,87.11686309999999
Belt-G,Venezuela,G03,0.43012032784673243,2026-08-01,80.0
Belt-G,Venezuela,G03,0.43012032784673243,2026-09-01,80.0
Belt-G,Venezuela,G03,0.43012032784673243,2026-10-01,90.0
Belt-G,Venezuela,G03,0.43012032784673243,2026-11-01,90.0
Belt-G,Venezuela,G03,0.43012032784673243,2026-12-01,62.99999999999999
Venceramica,Venezuela,G03,0.16685710773361936,2026-01-01,28.504079599999997
Venceramica,Venezuela,G03,0.16685710773361936,2026-02-01,39.8946806
Venceramica,Venezuela,G03,0.16685710773361936,2026-03-01,52.32322189999999
Venceramica,Venezuela,G03,0.16685710773361936,2026-04-01,39.578739799999994
Venceramica,Venezuela,G03,0.16685710773361936,2026-05-01,33.135960399999995
Venceramica,Venezuela,G03,0.16685710773361936,2026-06-01,36.35695320000001
Venceramica,Venezuela,G03,0.16685710773361936,2026-07-01,42.18492259999999
Venceramica,Venezuela,G03,0.16685710773361936,2026-08-01,35.0
Venceramica,Venezuela,G03,0.16685710773361936,2026-09-01,35.0
Venceramica,Venezuela,G03,0.16685710773361936,2026-10-01,45.0
Venceramica,Venezuela,G03,0.16685710773361936,2026-11-01,45.0
Venceramica,Venezuela,G03,0.16685710773361936,2026-12-01,31.499999999999996
Libertyplas,Venezuela,G03,0.13175724297904545,2026-01-01,33.7386151
Libertyplas,Venezuela,G03,0.13175724297904545,2026-02-01,28.578964
Libertyplas,Venezuela,G03,0.13175724297904545,2026-03-01,28.794535
Libertyplas,Venezuela,G03,0.13175724297904545,2026-04-01,28.821861700000003
Libertyplas,Venezuela,G03,0.13175724297904545,2026-05-01,34.49326059999999
Libertyplas,Venezuela,G03,0.13175724297904545,2026-06-01,19.2181299
Libertyplas,Venezuela,G03,0.13175724297904545,2026-07-01,39.80023379999999
Libertyplas,Venezuela,G03,0.13175724297904545,2026-08-01,24.3210784520269
Libertyplas,Venezuela,G03,0.13175724297904545,2026-09-01,24.3210784520269
Libertyplas,Venezuela,G03,0.13175724297904545,2026-10-01,27.182381799324098
Libertyplas,Venezuela,G03,0.13175724297904545,2026-11-01,27.182381799324098
Libertyplas,Venezuela,G03,0.13175724297904545,2026-12-01,19.02766725952687
Femoi,Venezuela,G03,0.3280691292985381,2026-01-01,17.9980324
Femoi,Venezuela,G03,0.3280691292985381,2026-02-01,13.0811573
Femoi,Venezuela,G03,0.3280691292985381,2026-03-01,26.498875
Femoi,Venezuela,G03,0.3280691292985381,2026-04-01,18.608924399999996
Femoi,Venezuela,G03,0.3280691292985381,2026-05-01,17.846053999999988
Femoi,Venezuela,G03,0.3280691292985381,2026-06-01,16.5537088
Femoi,Venezuela,G03,0.3280691292985381,2026-07-01,20.090681
Femoi,Venezuela,G03,0.3280691292985381,2026-08-01,17.0
Femoi,Venezuela,G03,0.3280691292985381,2026-09-01,17.0
Femoi,Venezuela,G03,0.3280691292985381,2026-10-01,22.9846025806454
Femoi,Venezuela,G03,0.3280691292985381,2026-11-01,22.9846025806454
Femoi,Venezuela,G03,0.3280691292985381,2026-12-01,16.08922180645178
Exceline,Venezuela,G03,0.3,2026-01-01,3.3720245000000006
Exceline,Venezuela,G03,0.3,2026-02-01,2.5647101
Exceline,Venezuela,G03,0.3,2026-03-01,1.3670121000000002
Exceline,Venezuela,G03,0.3,2026-04-01,0.21763610000000003
Exceline,Venezuela,G03,0.3,2026-05-01,4.099866
Exceline,Venezuela,G03,0.3,2026-06-01,4.3435267
Exceline,Venezuela,G03,0.3,2026-07-01,2.819192900000001
Exceline,Venezuela,G03,0.3,2026-08-01,7.0
Exceline,Venezuela,G03,0.3,2026-09-01,7.0
Exceline,Venezuela,G03,0.3,2026-10-01,10.0
Exceline,Venezuela,G03,0.3,2026-11-01,10.0
Exceline,Venezuela,G03,0.3,2026-12-01,7.0
Faplast,Venezuela,G10,0.43252698933711997,2026-01-01,49.649743900000004
Faplast,Venezuela,G10,0.43252698933711997,2026-02-01,47.5418107
Faplast,Venezuela,G10,0.43252698933711997,2026-03-01,49.026638699999985
Faplast,Venezuela,G10,0.43252698933711997,2026-04-01,43.7668354
Faplast,Venezuela,G10,0.43252698933711997,2026-05-01,35.99830890000001
Faplast,Venezuela,G10,0.43252698933711997,2026-06-01,32.2273068
Faplast,Venezuela,G10,0.43252698933711997,2026-07-01,37.801357599999996
Faplast,Venezuela,G10,0.43252698933711997,2026-08-01,30.0
Faplast,Venezuela,G10,0.43252698933711997,2026-09-01,30.0
Faplast,Venezuela,G10,0.43252698933711997,2026-10-01,39.974090881359
Faplast,Venezuela,G10,0.43252698933711997,2026-11-01,39.974090881359
Faplast,Venezuela,G10,0.43252698933711997,2026-12-01,27.981863616951298
Walven,Venezuela,G10,0.25040327951723784,2026-01-01,13.433392500000002
Walven,Venezuela,G10,0.25040327951723784,2026-02-01,22.592169799999997
Walven,Venezuela,G10,0.25040327951723784,2026-03-01,24.807186599999994
Walven,Venezuela,G10,0.25040327951723784,2026-04-01,40.9487097
Walven,Venezuela,G10,0.25040327951723784,2026-05-01,39.15369039999999
Walven,Venezuela,G10,0.25040327951723784,2026-06-01,43.864463199999996
Walven,Venezuela,G10,0.25040327951723784,2026-07-01,37.619766799999994
Walven,Venezuela,G10,0.25040327951723784,2026-08-01,35.0
Walven,Venezuela,G10,0.25040327951723784,2026-09-01,35.0
Walven,Venezuela,G10,0.25040327951723784,2026-10-01,34.977329521189105
Walven,Venezuela,G10,0.25040327951723784,2026-11-01,34.977329521189105
Walven,Venezuela,G10,0.25040327951723784,2026-12-01,24.48413066483237
Gdeseo,Venezuela,G10,0.432516021529841,2026-01-01,25.264575900000004
Gdeseo,Venezuela,G10,0.432516021529841,2026-02-01,24.9360147
Gdeseo,Venezuela,G10,0.432516021529841,2026-03-01,28.528386199999993
Gdeseo,Venezuela,G10,0.432516021529841,2026-04-01,28.453346600000003
Gdeseo,Venezuela,G10,0.432516021529841,2026-05-01,24.467988900000005
Gdeseo,Venezuela,G10,0.432516021529841,2026-06-01,25.453230399999992
Gdeseo,Venezuela,G10,0.432516021529841,2026-07-01,35.0017334
Gdeseo,Venezuela,G10,0.432516021529841,2026-08-01,28.5882653158727
Gdeseo,Venezuela,G10,0.432516021529841,2026-09-01,28.5882653158727
Gdeseo,Venezuela,G10,0.432516021529841,2026-10-01,31.9515906471519
Gdeseo,Venezuela,G10,0.432516021529841,2026-11-01,31.9515906471519
Gdeseo,Venezuela,G10,0.432516021529841,2026-12-01,22.366113453006328
SQ,Venezuela,G10,0.3536228722832853,2026-01-01,11.913047899999999
SQ,Venezuela,G10,0.3536228722832853,2026-02-01,14.3919136
SQ,Venezuela,G10,0.3536228722832853,2026-03-01,12.570705999999998
SQ,Venezuela,G10,0.3536228722832853,2026-04-01,12.806467099999997
SQ,Venezuela,G10,0.3536228722832853,2026-05-01,15.346802300000004
SQ,Venezuela,G10,0.3536228722832853,2026-06-01,18.7690847
SQ,Venezuela,G10,0.3536228722832853,2026-07-01,17.245257
SQ,Venezuela,G10,0.3536228722832853,2026-08-01,15.0
SQ,Venezuela,G10,0.3536228722832853,2026-09-01,15.0
SQ,Venezuela,G10,0.3536228722832853,2026-10-01,23.4063292394438
SQ,Venezuela,G10,0.3536228722832853,2026-11-01,23.4063292394438
SQ,Venezuela,G10,0.3536228722832853,2026-12-01,16.38443046761066
FP,Venezuela,G10,0.3274226582220757,2026-01-01,5.4059631
FP,Venezuela,G10,0.3274226582220757,2026-02-01,5.3929201
FP,Venezuela,G10,0.3274226582220757,2026-03-01,5.5924582
FP,Venezuela,G10,0.3274226582220757,2026-04-01,7.3555463
FP,Venezuela,G10,0.3274226582220757,2026-05-01,10.281966499999998
FP,Venezuela,G10,0.3274226582220757,2026-06-01,5.624736800000001
FP,Venezuela,G10,0.3274226582220757,2026-07-01,11.696709799999999
FP,Venezuela,G10,0.3274226582220757,2026-08-01,12.0
FP,Venezuela,G10,0.3274226582220757,2026-09-01,12.0
FP,Venezuela,G10,0.3274226582220757,2026-10-01,15.0
FP,Venezuela,G10,0.3274226582220757,2026-11-01,15.0
FP,Venezuela,G10,0.3274226582220757,2026-12-01,10.5
Saga,Venezuela,G10,0.3241172572867854,2026-01-01,6.85512
Saga,Venezuela,G10,0.3241172572867854,2026-02-01,7.3231494
Saga,Venezuela,G10,0.3241172572867854,2026-03-01,4.5708861
Saga,Venezuela,G10,0.3241172572867854,2026-04-01,7.138315700000001
Saga,Venezuela,G10,0.3241172572867854,2026-05-01,6.830668900000002
Saga,Venezuela,G10,0.3241172572867854,2026-06-01,3.6912176000000003
Saga,Venezuela,G10,0.3241172572867854,2026-07-01,5.0039498
Saga,Venezuela,G10,0.3241172572867854,2026-08-01,7.0
Saga,Venezuela,G10,0.3241172572867854,2026-09-01,7.0
Saga,Venezuela,G10,0.3241172572867854,2026-10-01,7.0
Saga,Venezuela,G10,0.3241172572867854,2026-11-01,7.0
Saga,Venezuela,G10,0.3241172572867854,2026-12-01,4.8999999999999995
Semilic,Venezuela,G10,0.4664420881044831,2026-01-01,10.1135276
Semilic,Venezuela,G10,0.4664420881044831,2026-02-01,6.2394680000000005
Semilic,Venezuela,G10,0.4664420881044831,2026-03-01,8.2031417
Semilic,Venezuela,G10,0.4664420881044831,2026-04-01,6.2668572
Semilic,Venezuela,G10,0.4664420881044831,2026-05-01,7.131273600000001
Semilic,Venezuela,G10,0.4664420881044831,2026-06-01,5.997242799999999
Semilic,Venezuela,G10,0.4664420881044831,2026-07-01,9.097440899999999
Semilic,Venezuela,G10,0.4664420881044831,2026-08-01,9.0
Semilic,Venezuela,G10,0.4664420881044831,2026-09-01,9.0
Semilic,Venezuela,G10,0.4664420881044831,2026-10-01,9.0
Semilic,Venezuela,G10,0.4664420881044831,2026-11-01,9.0
Semilic,Venezuela,G10,0.4664420881044831,2026-12-01,6.0
CHL,Venezuela,G10,0.38057151729885597,2026-01-01,13.035052500000003
CHL,Venezuela,G10,0.38057151729885597,2026-02-01,13.526778300000002
CHL,Venezuela,G10,0.38057151729885597,2026-03-01,13.048297900000001
CHL,Venezuela,G10,0.38057151729885597,2026-04-01,14.431644999999996
CHL,Venezuela,G10,0.38057151729885597,2026-05-01,14.282724099999996
CHL,Venezuela,G10,0.38057151729885597,2026-06-01,9.2628916
CHL,Venezuela,G10,0.38057151729885597,2026-07-01,13.634834299999998
CHL,Venezuela,G10,0.38057151729885597,2026-08-01,13.425145889789201
CHL,Venezuela,G10,0.38057151729885597,2026-09-01,13.425145889789201
CHL,Venezuela,G10,0.38057151729885597,2026-10-01,15.004574817999702
CHL,Venezuela,G10,0.38057151729885597,2026-11-01,15.004574817999702
CHL,Venezuela,G10,0.38057151729885597,2026-12-01,10.503202372599791
Record,Venezuela,G10,0.30889455319630044,2026-01-01,12.297059899999999
Record,Venezuela,G10,0.30889455319630044,2026-02-01,27.799578399999998
Record,Venezuela,G10,0.30889455319630044,2026-03-01,25.5471995
Record,Venezuela,G10,0.30889455319630044,2026-04-01,18.8604618
Record,Venezuela,G10,0.30889455319630044,2026-05-01,26.044140600000013
Record,Venezuela,G10,0.30889455319630044,2026-06-01,22.131078700000003
Record,Venezuela,G10,0.30889455319630044,2026-07-01,37.264463000000006
Record,Venezuela,G10,0.30889455319630044,2026-08-01,40.0
Record,Venezuela,G10,0.30889455319630044,2026-09-01,40.0
Record,Venezuela,G10,0.30889455319630044,2026-10-01,50.0
Record,Venezuela,G10,0.30889455319630044,2026-11-01,50.0
Record,Venezuela,G10,0.30889455319630044,2026-12-01,35.0
Herrajes Alfa,Venezuela,G10,0.24341692622231165,2026-01-01,16.0183639
Herrajes Alfa,Venezuela,G10,0.24341692622231165,2026-02-01,12.317464599999997
Herrajes Alfa,Venezuela,G10,0.24341692622231165,2026-03-01,13.662946699999999
Herrajes Alfa,Venezuela,G10,0.24341692622231165,2026-04-01,11.638193800000002
Herrajes Alfa,Venezuela,G10,0.24341692622231165,2026-05-01,10.6999311
Herrajes Alfa,Venezuela,G10,0.24341692622231165,2026-06-01,8.0171475
Herrajes Alfa,Venezuela,G10,0.24341692622231165,2026-07-01,16.643187499999996
Herrajes Alfa,Venezuela,G10,0.24341692622231165,2026-08-01,12.690416839641001
Herrajes Alfa,Venezuela,G10,0.24341692622231165,2026-09-01,12.690416839641001
Herrajes Alfa,Venezuela,G10,0.24341692622231165,2026-10-01,14.1834070560694
Herrajes Alfa,Venezuela,G10,0.24341692622231165,2026-11-01,14.1834070560694
Herrajes Alfa,Venezuela,G10,0.24341692622231165,2026-12-01,9.92838493924858
Produsca,Venezuela,G10,0.3,2026-01-01,5.665325
Produsca,Venezuela,G10,0.3,2026-02-01,6.6402429
Produsca,Venezuela,G10,0.3,2026-03-01,6.7024553
Produsca,Venezuela,G10,0.3,2026-04-01,5.9339475
Produsca,Venezuela,G10,0.3,2026-05-01,4.788090200000002
Produsca,Venezuela,G10,0.3,2026-06-01,10.173768299999999
Produsca,Venezuela,G10,0.3,2026-07-01,12.279017800000002
Produsca,Venezuela,G10,0.3,2026-08-01,10.0
Produsca,Venezuela,G10,0.3,2026-09-01,10.0
Produsca,Venezuela,G10,0.3,2026-10-01,12.2790178
Produsca,Venezuela,G10,0.3,2026-11-01,12.2790178
Produsca,Venezuela,G10,0.3,2026-12-01,8.595312459999999
Splaca,Venezuela,G10,0.3840565485178589,2026-01-01,4.1789658
Splaca,Venezuela,G10,0.3840565485178589,2026-02-01,3.8170444
Splaca,Venezuela,G10,0.3840565485178589,2026-03-01,3.7653417000000005
Splaca,Venezuela,G10,0.3840565485178589,2026-04-01,4.925649300000001
Splaca,Venezuela,G10,0.3840565485178589,2026-05-01,3.971503700000002
Splaca,Venezuela,G10,0.3840565485178589,2026-06-01,4.6307129
Splaca,Venezuela,G10,0.3840565485178589,2026-07-01,6.608048499999999
Splaca,Venezuela,G10,0.3840565485178589,2026-08-01,6.357816037694549
Splaca,Venezuela,G10,0.3840565485178589,2026-09-01,6.357816037694549
Splaca,Venezuela,G10,0.3840565485178589,2026-10-01,7.10579439507038
Splaca,Venezuela,G10,0.3840565485178589,2026-11-01,7.10579439507038
Splaca,Venezuela,G10,0.3840565485178589,2026-12-01,4.974056076549266
Tania Wiring,Venezuela,G10,0.3,2026-01-01,3.2971196
Tania Wiring,Venezuela,G10,0.3,2026-02-01,2.9678842
Tania Wiring,Venezuela,G10,0.3,2026-03-01,2.0433081000000004
Tania Wiring,Venezuela,G10,0.3,2026-04-01,2.8207523
Tania Wiring,Venezuela,G10,0.3,2026-05-01,2.7466866999999993
Tania Wiring,Venezuela,G10,0.3,2026-06-01,3.462146099999999
Tania Wiring,Venezuela,G10,0.3,2026-07-01,4.2978175
Tania Wiring,Venezuela,G10,0.3,2026-08-01,4.2978175
Tania Wiring,Venezuela,G10,0.3,2026-09-01,4.2978175
Tania Wiring,Venezuela,G10,0.3,2026-10-01,4.2978175
Tania Wiring,Venezuela,G10,0.3,2026-11-01,4.2978175
Tania Wiring,Venezuela,G10,0.3,2026-12-01,3.0084722499999996
Intools,Venezuela,G10,0.3,2026-01-01,2.1722226
Intools,Venezuela,G10,0.3,2026-02-01,2.7972257999999997
Intools,Venezuela,G10,0.3,2026-03-01,3.2986102
Intools,Venezuela,G10,0.3,2026-04-01,3.0125180999999994
Intools,Venezuela,G10,0.3,2026-05-01,2.9141540000000004
Intools,Venezuela,G10,0.3,2026-06-01,26.0065565
Intools,Venezuela,G10,0.3,2026-07-01,3.2965379
Intools,Venezuela,G10,0.3,2026-08-01,3.2965379
Intools,Venezuela,G10,0.3,2026-09-01,3.2965379
Intools,Venezuela,G10,0.3,2026-10-01,3.2965379
Intools,Venezuela,G10,0.3,2026-11-01,3.2965379
Intools,Venezuela,G10,0.3,2026-12-01,2.30757653
