Centro de Costos,Marca,Grupo compra,Semana,Clientes activados,Contribución,Rotación,Venta Neta
Febeca,Belt-G,G03,2026-31,1.0,-0.0571475,8.64929287236148,-0.0390065
Febeca,CHL,G10,2026-31,,-0.0225669,10.3589957793252,-0.0225669
Febeca,Conexiones Galv,G10,2026-31,,,0.666431899733701,
Febeca,Derivados Plásticos,G03,2026-31,,,0.33195020746888,
Febeca,Exceline,G03,2026-31,,,4.61174267976719,
Febeca,Faplast,G10,2026-31,,-0.0073719,5.81100875450284,-0.0073719
Febeca,Femoi,G03,2026-31,,-0.0009412,3.10466528659153,-0.0009412
Febeca,FP,G10,2026-31,,,2.0766340589813,
Febeca,Gdeseo,G10,2026-31,1.0,-0.0087001,7.94316840792076,0.0101399
Febeca,Herrajes Alfa,G10,2026-31,,-0.0054168,5.33506025001603,-0.0054168
Febeca,Intools,G10,2026-31,,,3.75316404311343,
Febeca,Libertyplas,G03,2026-31,,-0.0391119,15.948128514395,-0.0391119
Febeca,Produsca,G10,2026-31,,,4.10783386460851,
Febeca,Record,G10,2026-31,,,27.5208443175718,
Febeca,Saco,G10,2026-31,,-0.0007975,0.479005143164197,-0.0007975
Febeca,Saga,G10,2026-31,,-5.4e-06,8.56821765966755,-5.4e-06
Febeca,Semilic,G10,2026-31,,-0.0014214,7.62071685738966,-0.0014214
Febeca,Splaca,G10,2026-31,,-8.07e-05,10.2708332230445,-8.07e-05
Febeca,SQ,G10,2026-31,,-0.0162215,9.71557694815162,-0.0162215
Febeca,Tania Wiring,G10,2026-31,,,2.59011233633534,
Febeca,Tubrica,G03,2026-31,1.0,-0.6403797,4.95275760846573,-0.5229737
Febeca,Uyustools,G10,2026-31,,,1.04800292775091,
Febeca,Venceramica,G03,2026-31,,-0.0572546,8.42572183910869,-0.0572546
Febeca,Walven,G10,2026-31,,,7.33898428794566,
Febeca,Belt-G,G03,2026-32,224.0,8.9820305,,21.7132946
Febeca,CHL,G10,2026-32,48.0,1.6791935,,4.0196141
Febeca,Conexiones Galv,G10,2026-32,1.0,-0.0070352,,-0.0064652
Febeca,Derivados Plásticos,G03,2026-32,,-0.0007886,,-0.0007886
Febeca,Exceline,G03,2026-32,19.0,1.2492249,,3.1261149
Febeca,Faplast,G10,2026-32,96.0,4.5287995,,9.9299197
Febeca,Femoi,G03,2026-32,64.0,1.4838744,,4.4458855
Febeca,FP,G10,2026-32,16.0,0.4954371,,1.9538692
Febeca,Gdeseo,G10,2026-32,119.0,3.792795,,8.2095053
Febeca,Herrajes Alfa,G10,2026-32,40.0,0.6779028,,2.5493504
Febeca,Intools,G10,2026-32,20.0,0.7716188,,1.583954
Febeca,Libertyplas,G03,2026-32,40.0,1.2145898,,4.7849159
Febeca,Produsca,G10,2026-32,24.0,1.1529639,,2.5964991
Febeca,Record,G10,2026-32,14.0,4.6273037,,15.5691067
Febeca,Saco,G10,2026-32,4.0,0.0130227,,0.0810227
Febeca,Saga,G10,2026-32,7.0,0.4254807,,1.7311317
Febeca,Semilic,G10,2026-32,37.0,0.6947699,,1.3679744
Febeca,Splaca,G10,2026-32,17.0,0.21009,,0.665576
Febeca,SQ,G10,2026-32,52.0,2.4226131,,6.8654439
Febeca,Tania Wiring,G10,2026-32,10.0,0.1437008,,0.7863678
Febeca,Tubrica,G03,2026-32,505.0,46.2872054,,171.719458
Febeca,Uyustools,G10,2026-32,12.0,0.1714346,,0.3797064
Febeca,Venceramica,G03,2026-32,62.0,2.4974995,,9.4326874
Febeca,Walven,G10,2026-32,28.0,0.9009039,,4.9361039
Febeca,Belt-G,G03,2026-33,222.0,8.7915227,,22.4595927
Febeca,CHL,G10,2026-33,72.0,1.7963602,,4.5515266
Febeca,Conexiones Galv,G10,2026-33,1.0,-0.0048405,,0.0057011
Febeca,Derivados Plásticos,G03,2026-33,1.0,0.0013,,0.005
Febeca,Exceline,G03,2026-33,16.0,0.4322656,,1.1342556
Febeca,Faplast,G10,2026-33,125.0,4.1561669,,9.3942528
Febeca,Femoi,G03,2026-33,69.0,2.0073066,,5.5865666
Febeca,FP,G10,2026-33,22.0,0.30144,,2.3180728
Febeca,Gdeseo,G10,2026-33,117.0,4.245434,,9.0437168
Febeca,Herrajes Alfa,G10,2026-33,32.0,1.1565691,,3.1689147
Febeca,Intools,G10,2026-33,21.0,0.2232255,,0.8684779
Febeca,Libertyplas,G03,2026-33,56.0,1.1268742,,7.5504933
Febeca,Produsca,G10,2026-33,23.0,0.4827558,,1.2285246
Febeca,Record,G10,2026-33,19.0,3.796693,,11.556923
Febeca,Saco,G10,2026-33,2.0,0.000358400000000001,,0.0163584
Febeca,Saga,G10,2026-33,13.0,1.4497249,,3.7474098
Febeca,Semilic,G10,2026-33,34.0,0.8097432,,1.7540071
Febeca,Splaca,G10,2026-33,23.0,2.0290064,,5.6634444
Febeca,SQ,G10,2026-33,41.0,2.3735564,,6.3554104
Febeca,Tania Wiring,G10,2026-33,14.0,0.4690884,,2.2674864
Febeca,Tubrica,G03,2026-33,529.0,55.1775785,,244.0897976
Febeca,Uyustools,G10,2026-33,10.0,0.1003156,,0.2450782
Febeca,Venceramica,G03,2026-33,68.0,5.0431154,,19.6617024
Febeca,Walven,G10,2026-33,29.0,2.6532052,,11.2239052
Febeca,Belt-G,G03,2026-34,74.0,2.5354094,,5.4798361
Febeca,CHL,G10,2026-34,24.0,0.3898131,,1.0263631
Febeca,Conexiones Galv,G10,2026-34,1.0,0.012152,,0.0398
Febeca,Exceline,G03,2026-34,3.0,0.0268146,,0.0809746
Febeca,Faplast,G10,2026-34,37.0,1.1437015,,2.6218616
Febeca,Femoi,G03,2026-34,26.0,0.5092896,,1.3837562
Febeca,FP,G10,2026-34,5.0,0.0145967,,0.6241063
Febeca,Gdeseo,G10,2026-34,45.0,1.5955735,,3.1013154
Febeca,Herrajes Alfa,G10,2026-34,16.0,0.5504071,,1.5375499
Febeca,Intools,G10,2026-34,9.0,0.1619727,,0.3852175
Febeca,Libertyplas,G03,2026-34,19.0,0.1500916,,3.6846984
Febeca,Produsca,G10,2026-34,1.0,-0.0808428,,-0.0600036
Febeca,Record,G10,2026-34,4.0,0.772841,,1.913969
Febeca,Saco,G10,2026-34,1.0,0.00928,,0.02928
Febeca,Saga,G10,2026-34,3.0,0.1242977,,0.2986927
Febeca,Semilic,G10,2026-34,6.0,0.1362614,,0.3222334
Febeca,Splaca,G10,2026-34,7.0,0.0910176,,0.2483066
Febeca,SQ,G10,2026-34,15.0,0.2528392,,0.9729034
Febeca,Tania Wiring,G10,2026-34,2.0,-1.97000000000003e-05,,0.0578603
Febeca,Tubrica,G03,2026-34,171.0,10.250274,,42.4428982
Febeca,Uyustools,G10,2026-34,4.0,0.0936734,,0.170504
Febeca,Venceramica,G03,2026-34,25.0,1.4440751,,4.4163401
Febeca,Walven,G10,2026-34,12.0,1.4623289,,4.1957289
